{
  "_c1": "Keep this one at 0, unless you credit this library in another way",
  "coreCommandOperatorLevel": 0,
  "_c2": "Marks resource pack as forced, only effects clients and mods using api to check it",
  "markResourcePackAsForcedByDefault": false,
  "_c3": "Force-enables offset of CustomModelData",
  "forcePackOffset": false,
  "_c4": "Toggles Polymer's networking globally",
  "enableNetworkSync": true,
  "_c5": "Logs warnings while creating template/filter entities",
  "enableTemplateEntityWarnings": true,
  "_c6": "Enables Polymer dev tools on non-development server",
  "enableDevUtils": false,
  "_c7": "Displays vanilla/modded creatives tabs in /polymer creative",
  "displayNonPolymerCreativeTabs": true
}