{"packFileHash":{"type":"sha256","value":"2dc88d1c91fe3b2848058000c84088116083f35e7bd5650caa294d95230687e2"},"indexFileHash":{"type":"sha256","value":"89079ba18f3034bb2991a29e50bffdd2ca73abb4449b0167d0b6a47eef8860c5"},"cachedFiles":{"mods/fabric-api.toml":{"hash":{"type":"sha256","value":"d09e22b6960590df5462182e20545907bd89ae1f55ae48dfb1134ba5588572ba"},"linkedFileHash":{"type":"sha1","value":"c73a64983ee850cda3b98e6bff9831fa6e9260b6"},"cachedLocation":"mods/fabric-api-0.46.6+1.18.jar","optionValue":true},"mods/botania-fabric.toml":{"hash":{"type":"sha256","value":"534ac3ac2568cbd0b1d602cbfa378708717b83218a49a6ee96c421a8ce73fa3d"},"linkedFileHash":{"type":"sha1","value":"58e5cf734ed0f15b037bd9d0a107a2092f9972ef"},"cachedLocation":"mods/Botania-1.18.1-429-FABRIC.jar","optionValue":true},"mods/patchouli-fabric.toml":{"hash":{"type":"sha256","value":"de83c79e0a715b835f82583a02933a7342b2bc68cd23007ec9cf501ede81a84f"},"linkedFileHash":{"type":"sha1","value":"8394d0e39f847d2ca548830ffd2f67684a7b9f1f"},"cachedLocation":"mods/Patchouli-1.18.1-65-FABRIC.jar","optionValue":true},"mods/trinkets-fabric.toml":{"hash":{"type":"sha256","value":"803fa3a6809a4374ae7de6793000eede70d33cd7327fd52dc742a2534e97edeb"},"linkedFileHash":{"type":"sha1","value":"4a31e5b5a00f44907d5f8f59c2c1b2501d92bb8e"},"cachedLocation":"mods/trinkets-3.2.0.jar","optionValue":true},"mods/modmenu.toml":{"hash":{"type":"sha256","value":"08cf57c2cae5fff7f0b8d043c45df07893ea01734a6486f9ca94caae741ea351"},"linkedFileHash":{"type":"sha1","value":"5b7328a666250330b3dd6a7a5190783d618a0307"},"cachedLocation":"mods/modmenu-3.0.1.jar","optionValue":true},"mods/wthit.toml":{"hash":{"type":"sha256","value":"2d2e610a39c8802ae2899fe6ee6f81c84562ea54629e8fb7337f3abee8cf4bc3"},"linkedFileHash":{"type":"sha1","value":"5d2ba73545487193a8040a0423f0790c70d666af"},"cachedLocation":"mods/wthit-fabric-4.5.5.jar","optionValue":true},"mods/amazing-chest.toml":{"hash":{"type":"sha256","value":"34e9eebbfa0178d283a8ffd9312e5f75ce7064c473284ff77b522fdbf6670297"},"linkedFileHash":{"type":"sha1","value":"e9b84df16a04654a98cefdcd23548292a7fad94a"},"cachedLocation":"mods/amazingchest-0.0.3+1.18.1.jar","optionValue":true},"mods/fabricautocrafter.toml":{"hash":{"type":"sha256","value":"63ea29c6c22838d2a284ca8f5bbef602da17c1969861524c51cb37fddf1a0c27"},"linkedFileHash":{"type":"sha1","value":"ce0b54d3f5e21e517b367d44a98ed27fe62f2971"},"cachedLocation":"mods/fabricautocrafter-1.0.3.jar","optionValue":true},"mods/sodium.toml":{"hash":{"type":"sha256","value":"f291cfa3dc4468318494015a4d695f66a22356355aa0122b2fbb7c1407ffdde0"},"linkedFileHash":{"type":"sha1","value":"795d4c12bffdb1b21eed5ff87c07ce5ca3c0dcbf"},"cachedLocation":"mods/sodium-fabric-mc1.18.1-0.4.0-alpha6+build.14.jar","optionValue":true},"mods/vanillashears.toml":{"hash":{"type":"sha256","value":"dbdb6c2625fc2587d1ea4a5f39280eefb0045d9956270c74cb1db1ecb8d65fe5"},"linkedFileHash":{"type":"sha1","value":"938c8719df51ae191ec29696ea430426a89f5e83"},"cachedLocation":"mods/vanilla-shears-1.18.1-0.1.0.jar","optionValue":true},"mods/copper-tools.toml":{"hash":{"type":"sha256","value":"d5cc2265ea2218184bb0483bce917688b5cf01c2de1f7ef49c7dbe3bf53fa94b"},"linkedFileHash":{"type":"sha1","value":"144877ace6ecd1b88633c73ce23f1ee2ed47483c"},"cachedLocation":"mods/coppertools-1.0.1.jar","optionValue":true},"mods/fallingtree.toml":{"hash":{"type":"sha256","value":"7bd9c7e8fc06f1ea0c888a740bfce1446a89cbfcffb7ca8178867261cbb40f48"},"linkedFileHash":{"type":"sha1","value":"cf6c84876c1e42da3dbd593de70116d7d6129ce2"},"cachedLocation":"mods/FallingTree-1.18.1-3.2.0b2.jar","optionValue":true}},"cachedSide":"client"}